surface,atmosphere,logZ,chi2_red,ΔlnZ,bayes_factor
albite_dust,bare_rock,-63.79383864785626,8.445133173062848,-51.09310546550931,6.464668102724617e-23
andesite,bare_rock,-19.147988327200895,1.7819923263255522,-6.447255144853942,0.001584866432604492
basalt_glass,bare_rock,-14.047889395028411,1.300510252157597,-1.3471562126814582,0.25997853406031607
basalt_large,bare_rock,-15.293562513812896,1.5475933880674209,-2.5928293314659427,0.07480808351442972
basalt_small,bare_rock,-16.362717308948987,1.658219357591529,-3.661984126602034,0.02568150678118191
basalt_tuff,bare_rock,-14.32292156959524,1.3996438584056734,-1.6221883872482863,0.19746609362087378
diorite,bare_rock,-15.71208809976226,1.6354218563527103,-3.011354917415307,0.04922493783091402
gabbro,bare_rock,-14.23897840337395,1.3151599298742107,-1.5382452210269975,0.21475762313554267
granite,bare_rock,-15.24246365411983,1.4843286010090897,-2.541730471772876,0.0787300417279255
harzburgite,bare_rock,-17.942460221916914,1.870486024211042,-5.241727039569961,0.005291110982482503
hematite,bare_rock,-12.700733182346953,1.197844058712819,0.0,1.0
lherzolite,bare_rock,-15.101076568581407,1.4259798500828107,-2.4003433862344536,0.09068680734088615
lunar_anorthosite,bare_rock,-25.002917851516962,3.2048586629404796,-12.302184669170009,4.54181126161523e-06
lunar_marebasalt,bare_rock,-15.646076091026522,1.52321351158265,-2.945342908679569,0.05258402520568859
magnesium_sulphate,bare_rock,-59.13193550763214,8.016726970594211,-46.43120232528519,6.842031069827601e-21
mars_basalticshergottite,bare_rock,-14.49881069118826,1.384148346961069,-1.7980775088413061,0.1656169795386354
mars_breccia,bare_rock,-28.868439075158452,2.7452682242492212,-16.167705892811497,9.51600246179101e-08
norite,bare_rock,-14.751729237280486,1.395753295731587,-2.050996054933533,0.12860674039135594
phonolite,bare_rock,-14.078836912432868,1.300165481034514,-1.3781037300859147,0.2520560665050543
pyrite,bare_rock,-13.225966528493972,1.255157530550408,-0.5252333461470187,0.5914173433057596
rhyolite,bare_rock,-17.310181230955024,1.9780582086601959,-4.609448048608071,0.009957312744007017
syenite,bare_rock,-14.607947443150037,1.6292697181952869,-1.9072142608030838,0.14849347504389493
tephrite,bare_rock,-13.144147213392564,1.2097717374101948,-0.44341403104561117,0.6418414097974122
tholeiitic_basalt,bare_rock,-24.748366193766632,2.3132573727974903,-12.047633011419679,5.858405962564639e-06
trachy_andesite,bare_rock,-15.312894254348729,1.8345438464443087,-2.6121610720017756,0.07337580190743735
trachy_basalt,bare_rock,-14.07901553793629,1.3762477736879903,-1.3782823555893362,0.2520110468842303
trachyte,bare_rock,-15.394235081530459,1.8531902665842992,-2.693501899183506,0.06764364290225931
ultramafic,bare_rock,-21.221236667410118,2.7989169502420155,-8.520503485063164,0.0001993390358668727
greybody,001bar_CO2,-34.54187773842338,5.005890040766253,-21.874207616771955,3.1633870763392643e-10
greybody,01bar_CO2,-59.36748341029574,8.403547692189099,-46.699813288644314,5.2303262897623194e-21
greybody,1bar_CO2,-72.69798760466404,10.127522906792748,-60.03031748301261,8.495019306631617e-27
greybody,10bar_CO2,-53.66807801490157,5.947975135094349,-41.00040789325014,1.5622448302352668e-18
greybody,100bar_CO2,-37.339824810492274,3.6122702674009695,-24.67215468884085,1.9276108491601425e-11
greybody,001bar_H2O,-12.503542568025287,1.3949381808335795,0.16412755362614107,1.1783646101861218
greybody,01bar_H2O,-12.268213010089156,1.2363340522864819,0.39945711156227226,1.4910150230631738
greybody,1bar_H2O,-12.205638965446061,1.2244126355310259,0.4620311562053665,1.587294756536615
greybody,10bar_H2O,-12.199301971208854,1.2226432321982204,0.46836815044257385,1.5973853725816003
greybody,100bar_H2O,-12.144967514293663,1.2277924519764933,0.5227026073577647,1.68657965837631
greybody,001bar_SO2,-100.0905567119264,10.366138356576576,-87.42288659027497,1.0782581806630516e-38
greybody,01bar_SO2,-113.05639481798062,13.076095689091957,-100.38872469632919,2.521917173498388e-44
greybody,1bar_SO2,-131.99910260309554,15.25720754544692,-119.33143248144411,1.4962954513133117e-52
greybody,10bar_SO2,-141.435525367159,16.219268894807257,-128.76785524550755,1.1935236259987027e-56
greybody,100bar_SO2,-150.48238589855245,16.5008420259878,-137.814715776901,1.4054953497384612e-60
greybody,001bar_CH4,-25.795199463955843,2.454997128651242,-13.127529342304415,1.989694711497431e-06
greybody,01bar_CH4,-23.670571274256247,2.2233568566779267,-11.002901152604819,1.6653316826061044e-05
greybody,1bar_CH4,-20.746423602986823,1.9275852807685705,-8.078753481335395,0.00031005728682894566
greybody,10bar_CH4,-19.304730649307867,1.80365665086488,-6.637060527656439,0.0013108748664916686
greybody,100bar_CH4,-18.82460453459281,1.7590823967125526,-6.156934412941384,0.0021187385034693784
greybody,001bar_N2_1000ppm_CO2,-17.369951451702985,2.421327640977179,-4.702281330051557,0.009074551422762417
greybody,01bar_N2_1000ppm_CO2,-20.350372211135817,3.2034440311773347,-7.682702089484389,0.0004607282862533932
greybody,1bar_N2_1000ppm_CO2,-42.41605511486796,5.473007097370758,-29.748384993216533,1.2034846403872276e-13
greybody,10bar_N2_1000ppm_CO2,-69.85616125523661,8.891874834100825,-57.18849113358519,1.4566455026577775e-25
greybody,100bar_N2_1000ppm_CO2,-88.70469988991188,10.658061786667476,-76.03702976826045,9.495931023488062e-34
greybody,001bar_N2_1000ppm_H2O,-15.109785610110517,1.937981530804687,-2.4421154884590894,0.08697665858427564
greybody,01bar_N2_1000ppm_H2O,-11.599063376660334,1.3124659319543202,1.0686067449910936,2.9113204611804617
greybody,1bar_N2_1000ppm_H2O,-21.407150768390803,2.019016614591321,-8.739480646739375,0.0001601370340073343
greybody,10bar_N2_1000ppm_H2O,-22.480136867998027,2.5173322847741244,-9.8124667463466,5.476458969350225e-05
greybody,100bar_N2_1000ppm_H2O,-22.991589777990846,2.612422167299166,-10.323919656339418,3.283814843581305e-05
greybody,001bar_N2_1000ppm_SO2,-49.73253026345002,4.706068095115174,-37.0648601417986,7.997159683694418e-17
greybody,01bar_N2_1000ppm_SO2,-98.70854208310506,9.36900957273983,-86.04087196145363,4.294613539903988e-38
greybody,1bar_N2_1000ppm_SO2,-111.59934497620625,10.84320956672597,-98.93167485455483,1.0827283918567378e-43
greybody,10bar_N2_1000ppm_SO2,-113.50031518622588,12.37803782481716,-100.83264506457445,1.617851488213269e-44
greybody,100bar_N2_1000ppm_SO2,-133.97474883332228,15.32218612122223,-121.30707871167085,2.0749378823414308e-53
greybody,001bar_N2_1000ppm_CH4,-16.058288033094342,1.9212062427590864,-3.3906179114429147,0.03368785435629705
greybody,01bar_N2_1000ppm_CH4,-22.931983260612625,2.330032534986006,-10.264313138961198,3.485502858336734e-05
greybody,1bar_N2_1000ppm_CH4,-27.752337611774145,2.60869282588368,-15.084667490122717,2.810684817180632e-07
greybody,10bar_N2_1000ppm_CH4,-28.134358976787194,2.638361696077932,-15.466688855135766,1.9182375002382476e-07
greybody,100bar_N2_1000ppm_CH4,-25.739092048177586,2.458264669445969,-13.071421926526158,2.104522565011135e-06
greybody,001bar_N2_1ppm_CO2,-17.969608020654704,2.621916820429012,-5.301937899003276,0.0049819300688486706
greybody,01bar_N2_1ppm_CO2,-16.31633311673988,2.131351802131078,-3.6486629950884524,0.026025902286584544
greybody,1bar_N2_1ppm_CO2,-18.966817027788174,2.9569388216768164,-6.299146906136746,0.001837871985758281
greybody,10bar_N2_1ppm_CO2,-20.797899931131365,3.4422258380738717,-8.130229809479937,0.0002945005140185974
greybody,001bar_N2_1ppm_H2O,-25.621949757625924,5.236117280946164,-12.954279635974496,2.3660713511977013e-06
greybody,01bar_N2_1ppm_H2O,-63.618213133026494,14.316355578980724,-50.95054301137507,7.455217534641138e-23
greybody,1bar_N2_1ppm_H2O,-39.36614990222333,12.3230707347779,-26.6984797805719,2.5409584067587336e-12
greybody,10bar_N2_1ppm_H2O,-31.92576168779356,9.758991774494948,-19.258091566142134,4.3282974704600424e-09
greybody,001bar_N2_1ppm_SO2,-16.07261224445716,2.0366255106559397,-3.4049421228057337,0.033208742055186244
greybody,01bar_N2_1ppm_SO2,-16.147885577508223,1.9229571802448884,-3.4802154558567953,0.030800774110618916
greybody,1bar_N2_1ppm_SO2,-26.164905297792895,2.5852695665336265,-13.497235176141468,1.374754791585398e-06
greybody,10bar_N2_1ppm_SO2,-72.83960798628584,6.943818437814928,-60.171937864634415,7.37325781765328e-27
greybody,001bar_N2_1ppm_CH4,-19.718500147998288,3.1852559913577583,-7.05083002634686,0.0008666892837342661
greybody,01bar_N2_1ppm_CH4,-21.964309836707578,3.977490776353773,-9.29663971505615,9.17319596843818e-05
greybody,1bar_N2_1ppm_CH4,-15.421931205256985,1.9162445303728557,-2.7542610836055577,0.06365603878569828
greybody,10bar_N2_1ppm_CH4,-28.608949302056867,3.160539862889744,-15.94127918040544,1.193412046773895e-07
greybody,100bar_N2_1ppm_CO2,-27.477162661766883,4.277479502901092,-14.809492540115455,3.7010002125811744e-07
greybody,100bar_N2_1ppm_H2O,-21.432885480338477,3.5988690599496644,-8.76521535868705,0.00015606852900391382
greybody,100bar_N2_1ppm_SO2,-116.55718711999214,11.06111849900027,-103.88951699834071,7.609498574685037e-46
greybody,100bar_N2_1ppm_CH4,-48.36877142292307,4.696757407675356,-35.70110130127164,3.127582014365273e-16
greybody,001bar_N2_1000ppm_H2S,-16.174830517510127,2.072162072751206,-3.5071603958586994,0.02998193048781242
greybody,01bar_N2_1000ppm_H2S,-15.524862276241933,2.0004088794101715,-2.8571921545905052,0.05742978805586204
greybody,1bar_N2_1000ppm_H2S,-13.997164969010122,1.4417304708660887,-1.3294948473586938,0.26461089643716457
greybody,10bar_N2_1000ppm_H2S,-30.309333168877682,2.930324900672118,-17.641663047226253,2.179330450278183e-08
greybody,100bar_N2_1000ppm_H2S,-30.86675847962447,3.4745722643876737,-18.19908835797304,1.2480625463753236e-08
greybody,001bar_N2_1ppm_H2S,-16.140743231168784,2.071575423927392,-3.4730731095173564,0.031021551402236173
greybody,01bar_N2_1ppm_H2S,-16.317282987186758,2.125369122094894,-3.64961286553533,0.02600119278841808
greybody,1bar_N2_1ppm_H2S,-34.50252573764001,9.430849497302825,-21.834855615988587,3.290354513883344e-10
greybody,10bar_N2_1ppm_H2S,-54.05614071890567,21.300561725173225,-41.38847059725424,1.0597797215166773e-18
greybody,100bar_N2_1ppm_H2S,-65.04641106727043,20.344570372363076,-52.378740945619,1.7873180375759765e-23
greybody,001bar_N2_1000ppm_NH3,-15.483372273228357,1.6494067661378213,-2.8157021515769287,0.05986267131094519
greybody,01bar_N2_1000ppm_NH3,-17.245562967515596,1.9889704018846306,-4.577892845864168,0.010276527725921795
greybody,1bar_N2_1000ppm_NH3,-15.687358022794912,1.7785395755499724,-3.0196879011434845,0.048816451543465915
greybody,10bar_N2_1000ppm_NH3,-17.263202179859604,2.0761822383368376,-4.5955320582081765,0.010096847241136254
greybody,100bar_N2_1000ppm_NH3,-17.669166405795927,2.1898046789706904,-5.001496284144499,0.006727872654744702
greybody,001bar_N2_1ppm_NH3,-56.64498672712807,23.451712842938246,-43.977316605476645,7.959651793818172e-20
greybody,01bar_N2_1ppm_NH3,-54.58611323399198,21.614581981807767,-41.918443112340555,6.238087559432566e-19
greybody,1bar_N2_1ppm_NH3,-47.14402221477574,16.08350445443394,-34.47635209312431,1.06441388163872e-15
greybody,10bar_N2_1ppm_NH3,-31.631434847464913,6.909803880334214,-18.963764725813483,5.809538357304762e-09
greybody,100bar_N2_1ppm_NH3,-36.288378891992686,11.099761041027271,-23.62070877034126,5.516409813547507e-11
greybody,001bar_N2_1000ppm_CO,-17.550119441668723,2.405480808284274,-4.882449320017296,0.007578429278338395
greybody,01bar_N2_1000ppm_CO,-17.658008121079057,2.614159558872475,-4.990337999427629,0.0068033645702355915
greybody,1bar_N2_1000ppm_CO,-19.608285692825614,3.1338986395085193,-6.940615571174186,0.0009676737417230799
greybody,10bar_N2_1000ppm_CO,-27.601728413514376,4.656984575382585,-14.934058291862948,3.2675398394951846e-07
greybody,100bar_N2_1000ppm_CO,-32.61142624486433,5.19188810149174,-19.943756123212907,2.1804029817546727e-09
greybody,001bar_N2_1ppm_CO,-17.114845056749157,2.2755762459833186,-4.447174935097729,0.011711606327242137
greybody,01bar_N2_1ppm_CO,-16.540718247033258,2.1424152398656284,-3.87304812538183,0.02079488729983635
greybody,1bar_N2_1ppm_CO,-14.985531202967431,1.792603937060126,-2.3178610813160034,0.09848400977262282
greybody,10bar_N2_1ppm_CO,-19.86487668358522,3.286909511801229,-7.1972065619337915,0.0007486742652228462
greybody,100bar_N2_1ppm_CO,-18.469012373758105,2.6938187247127137,-5.801342252106677,0.0030234937297038827
greybody,001bar_N2_1000ppm_HCN,-15.061106998423023,1.941093423681118,-2.3934368767715952,0.09131530449645099
greybody,01bar_N2_1000ppm_HCN,-17.114896154693763,1.98897052018034,-4.447226033042336,0.011711007903520018
greybody,1bar_N2_1000ppm_HCN,-38.15608970577669,4.538827470508274,-25.48841958412526,8.521577973105448e-12
greybody,10bar_N2_1000ppm_HCN,-51.52443317024616,5.593908841686535,-38.856763048594736,1.3326687788036669e-17
greybody,100bar_N2_1000ppm_HCN,-42.977608727020296,4.155506804279094,-30.30993860536887,6.863741467930428e-14
greybody,001bar_N2_1ppm_HCN,-26.93815438666612,5.970906361092349,-14.270484265014693,6.344646496759665e-07
greybody,01bar_N2_1ppm_HCN,-24.60413617448616,5.045661012720491,-11.936466052834733,6.547246012537344e-06
greybody,1bar_N2_1ppm_HCN,-23.99606464434688,4.933410972266431,-11.328394522695453,1.202654193565671e-05
greybody,10bar_N2_1ppm_HCN,-28.244965868237088,6.955007909799828,-15.57729574658566,1.717380052714769e-07
greybody,100bar_N2_1ppm_HCN,-35.08631047058995,9.784515555423638,-22.418640348938524,1.835304817888405e-10
